scenario,x,B,crosscheck_match,finish_lines_trace,finish_lines_committed,trace_mb,hosts,rows_after_t0,share_le2_after_t0,rows_backlog,share_le2_backlog,max_fresh_backlog,n_ge3_backlog,drain_share
healthy,0,1,True,1024,1024,18.2,32,259512,1.0,255370,1.0,1,0,0.015960726286260364
healthy,0,2,True,1024,1024,20.0,32,259512,1.0,255435,1.0,2,0,0.015710256173124944
healthy,0,4,True,1024,1024,23.5,32,259512,0.810972132309874,255527,0.8234198343032243,4,45121,0.015355744628379419
healthy,0,8,True,1024,1024,30.6,32,259512,0.8309326736335892,255459,0.843869270607025,5,39885,0.015617774900582632
healthy,0,16,True,1024,1024,45.0,32,259512,0.8309326736335892,255459,0.843869270607025,5,39885,0.015617774900582632
healthy,0,32,True,1024,1024,73.1,32,259512,0.8309326736335892,255459,0.843869270607025,5,39885,0.015617774900582632
healthy,0,64,True,1024,1024,129.2,32,259512,0.8309326736335892,255459,0.843869270607025,5,39885,0.015617774900582632
healthy,0,128,True,1024,1024,241.6,32,259512,0.8309326736335892,255459,0.843869270607025,5,39885,0.015617774900582632
healthy,0,256,True,1024,1024,465.3,32,259512,0.8309326736335892,255459,0.843869270607025,5,39885,0.015617774900582632
32 ToR0 uplinks at 50%,32,1,True,1024,1024,18.0,32,262616,1.0,260409,1.0,1,0,0.00840390532183873
32 ToR0 uplinks at 50%,32,2,True,1024,1024,19.8,32,262630,1.0,260449,1.0,2,0,0.008304458744240947
32 ToR0 uplinks at 50%,32,4,True,1024,1024,23.3,32,262624,0.9919885463628609,260435,0.9998617697314109,3,36,0.008335110271719265
32 ToR0 uplinks at 50%,32,8,True,1024,1024,30.4,32,262618,0.9918017805329414,260395,0.9998041437047562,3,51,0.008464766314570974
32 ToR0 uplinks at 50%,32,16,True,1024,1024,45.0,32,262618,0.9918017805329414,260395,0.9998041437047562,3,51,0.008464766314570974
32 ToR0 uplinks at 50%,32,32,True,1024,1024,73.4,32,262618,0.9918017805329414,260395,0.9998041437047562,3,51,0.008464766314570974
32 ToR0 uplinks at 50%,32,64,True,1024,1024,130.0,32,262618,0.9918017805329414,260395,0.9998041437047562,3,51,0.008464766314570974
32 ToR0 uplinks at 50%,32,128,True,1024,1024,243.2,32,262618,0.9918017805329414,260395,0.9998041437047562,3,51,0.008464766314570974
32 ToR0 uplinks at 50%,32,256,True,1024,1024,468.5,32,262618,0.9918017805329414,260395,0.9998041437047562,3,51,0.008464766314570974
