size_bytes,size,scenario,x,B,hosts,packets,draws,rtx,valid_frac,random_frac,stale_frac
16777216,16 MiB,healthy,0,1,32,131424,131424,0,0.7578752739225713,0.24212472607742877,0.0
16777216,16 MiB,healthy,0,2,32,131424,131424,0,0.9397902970538106,0.06020970294618943,0.0
16777216,16 MiB,healthy,0,4,32,131424,131424,0,0.9690543584124666,0.03094564158753348,0.0
16777216,16 MiB,healthy,0,8,32,131424,131424,0,0.968072802532262,0.031927197467738005,0.0
16777216,16 MiB,healthy,0,16,32,131424,131424,0,0.968072802532262,0.031927197467738005,0.0
16777216,16 MiB,healthy,0,32,32,131424,131424,0,0.968072802532262,0.031927197467738005,0.0
16777216,16 MiB,healthy,0,64,32,131424,131424,0,0.968072802532262,0.031927197467738005,0.0
16777216,16 MiB,healthy,0,128,32,131424,131424,0,0.968072802532262,0.031927197467738005,0.0
16777216,16 MiB,healthy,0,256,32,131424,131424,0,0.968072802532262,0.031927197467738005,0.0
16777216,16 MiB,32 ToR0 uplinks at 50%,32,1,32,131424,132991,1567,0.8743523997864517,0.1256476002135483,0.0
16777216,16 MiB,32 ToR0 uplinks at 50%,32,2,32,131424,132998,1574,0.881742582595227,0.11825741740477301,0.0
16777216,16 MiB,32 ToR0 uplinks at 50%,32,4,32,131424,132995,1571,0.8818827775480281,0.11811722245197188,0.0
16777216,16 MiB,32 ToR0 uplinks at 50%,32,8,32,131424,132992,1568,0.8828952117420596,0.11710478825794032,0.0
16777216,16 MiB,32 ToR0 uplinks at 50%,32,16,32,131424,132992,1568,0.8828952117420596,0.11710478825794032,0.0
16777216,16 MiB,32 ToR0 uplinks at 50%,32,32,32,131424,132992,1568,0.8828952117420596,0.11710478825794032,0.0
16777216,16 MiB,32 ToR0 uplinks at 50%,32,64,32,131424,132992,1568,0.8828952117420596,0.11710478825794032,0.0
16777216,16 MiB,32 ToR0 uplinks at 50%,32,128,32,131424,132992,1568,0.8828952117420596,0.11710478825794032,0.0
16777216,16 MiB,32 ToR0 uplinks at 50%,32,256,32,131424,132992,1568,0.8828952117420596,0.11710478825794032,0.0
