size,scenario,B,host,valid_frac,random_frac,stale_frac
16 MiB,healthy,1,0,0.7606525444363282,0.2393474555636718,0.0
16 MiB,healthy,1,1,0.7482347212076942,0.2517652787923058,0.0
16 MiB,healthy,1,2,0.7353299245191137,0.2646700754808863,0.0
16 MiB,healthy,1,3,0.7608960311663014,0.23910396883369855,0.0
16 MiB,healthy,1,4,0.740199659118578,0.25980034088142195,0.0
16 MiB,healthy,1,5,0.7820793766739713,0.21792062332602874,0.0
16 MiB,healthy,1,6,0.7528609690771852,0.2471390309228147,0.0
16 MiB,healthy,1,7,0.7338690041392744,0.2661309958607256,0.0
16 MiB,healthy,1,8,0.7557828098368639,0.24421719016313612,0.0
16 MiB,healthy,1,9,0.7981495008522036,0.20185049914779646,0.0
16 MiB,healthy,1,10,0.7528609690771852,0.2471390309228147,0.0
16 MiB,healthy,1,11,0.7528609690771852,0.2471390309228147,0.0
16 MiB,healthy,1,12,0.7496956415875334,0.2503043584124665,0.0
16 MiB,healthy,1,13,0.7440954467981495,0.2559045532018505,0.0
16 MiB,healthy,1,14,0.7696615534453373,0.23033844655466276,0.0
16 MiB,healthy,1,15,0.7331385439493547,0.26686145605064526,0.0
16 MiB,healthy,1,16,0.7959581202824446,0.20404187971755539,0.0
16 MiB,healthy,1,17,0.7927927927927928,0.2072072072072072,0.0
16 MiB,healthy,1,18,0.7747747747747747,0.22522522522522523,0.0
16 MiB,healthy,1,19,0.7587046505965425,0.2412953494034575,0.0
16 MiB,healthy,1,20,0.7791575359142927,0.22084246408570732,0.0
16 MiB,healthy,1,21,0.7416605794984173,0.25833942050158265,0.0
16 MiB,healthy,1,22,0.7635743851960068,0.23642561480399318,0.0
16 MiB,healthy,1,23,0.7489651813976138,0.2510348186023862,0.0
16 MiB,healthy,1,24,0.7776966155344534,0.22230338446554662,0.0
16 MiB,healthy,1,25,0.7324080837594351,0.2675919162405649,0.0
16 MiB,healthy,1,26,0.7650353055758461,0.23496469442415388,0.0
16 MiB,healthy,1,27,0.7611395178962747,0.23886048210372535,0.0
16 MiB,healthy,1,28,0.7557828098368639,0.24421719016313612,0.0
16 MiB,healthy,1,29,0.7348429510591673,0.26515704894083275,0.0
16 MiB,healthy,1,30,0.7331385439493547,0.26686145605064526,0.0
16 MiB,healthy,1,31,0.766009252495739,0.23399074750426102,0.0
16 MiB,healthy,2,0,0.9320672023374726,0.0679327976625274,0.0
16 MiB,healthy,2,1,0.9296323350377405,0.07036766496225956,0.0
16 MiB,healthy,2,2,0.9415631848064281,0.05843681519357195,0.0
16 MiB,healthy,2,3,0.9483808132456781,0.05161918675432189,0.0
16 MiB,healthy,2,4,0.9439980521061602,0.05600194789383978,0.0
16 MiB,healthy,2,5,0.9281714146579011,0.07182858534209885,0.0
16 MiB,healthy,2,6,0.9430241051862673,0.05697589481373265,0.0
16 MiB,healthy,2,7,0.9313367421475529,0.06866325785244703,0.0
16 MiB,healthy,2,8,0.9469198928658388,0.05308010713416119,0.0
16 MiB,healthy,2,9,0.9388848307767227,0.06111516922327733,0.0
16 MiB,healthy,2,10,0.9379108838568299,0.0620891161431702,0.0
16 MiB,healthy,2,11,0.9398587776966155,0.060141222303384465,0.0
16 MiB,healthy,2,12,0.9383978573167763,0.06160214268322376,0.0
16 MiB,healthy,2,13,0.9366934502069637,0.06330654979303628,0.0
16 MiB,healthy,2,14,0.9262235208181154,0.07377647918188458,0.0
16 MiB,healthy,2,15,0.9488677867056245,0.05113221329437546,0.0
16 MiB,healthy,2,16,0.9371804236669101,0.06281957633308985,0.0
16 MiB,healthy,2,17,0.949354760165571,0.05064523983442902,0.0
16 MiB,healthy,2,18,0.9408327246165084,0.0591672753834916,0.0
16 MiB,healthy,2,19,0.947163379595812,0.05283662040418797,0.0
16 MiB,healthy,2,20,0.9262235208181154,0.07377647918188458,0.0
16 MiB,healthy,2,21,0.9320672023374726,0.0679327976625274,0.0
16 MiB,healthy,2,22,0.9398587776966155,0.060141222303384465,0.0
16 MiB,healthy,2,23,0.9349890430971513,0.06501095690284879,0.0
16 MiB,healthy,2,24,0.9410762113464816,0.05892378865351838,0.0
16 MiB,healthy,2,25,0.9396152909666423,0.06038470903335768,0.0
16 MiB,healthy,2,26,0.9391283175066959,0.060871682493304116,0.0
16 MiB,healthy,2,27,0.9532505478451424,0.04674945215485756,0.0
16 MiB,healthy,2,28,0.9469198928658388,0.05308010713416119,0.0
16 MiB,healthy,2,29,0.952763574385196,0.04723642561480399,0.0
16 MiB,healthy,2,30,0.9415631848064281,0.05843681519357195,0.0
16 MiB,healthy,2,31,0.9393718042366691,0.0606281957633309,0.0
16 MiB,healthy,4,0,0.9688336985634283,0.031166301436571706,0.0
16 MiB,healthy,4,1,0.9700511322132944,0.029948867786705625,0.0
16 MiB,healthy,4,2,0.9693206720233747,0.030679327976625273,0.0
16 MiB,healthy,4,3,0.9693206720233747,0.030679327976625273,0.0
16 MiB,healthy,4,4,0.9693206720233747,0.030679327976625273,0.0
16 MiB,healthy,4,5,0.9690771852934015,0.03092281470659849,0.0
16 MiB,healthy,4,6,0.9690771852934015,0.03092281470659849,0.0
16 MiB,healthy,4,7,0.9688336985634283,0.031166301436571706,0.0
16 MiB,healthy,4,8,0.9690771852934015,0.03092281470659849,0.0
16 MiB,healthy,4,9,0.9690771852934015,0.03092281470659849,0.0
16 MiB,healthy,4,10,0.9695641587533479,0.030435841246652058,0.0
16 MiB,healthy,4,11,0.9690771852934015,0.03092281470659849,0.0
16 MiB,healthy,4,12,0.9688336985634283,0.031166301436571706,0.0
16 MiB,healthy,4,13,0.9693206720233747,0.030679327976625273,0.0
16 MiB,healthy,4,14,0.9690771852934015,0.03092281470659849,0.0
16 MiB,healthy,4,15,0.9693206720233747,0.030679327976625273,0.0
16 MiB,healthy,4,16,0.9681032383735086,0.031896761626491354,0.0
16 MiB,healthy,4,17,0.9690771852934015,0.03092281470659849,0.0
16 MiB,healthy,4,18,0.9690771852934015,0.03092281470659849,0.0
16 MiB,healthy,4,19,0.9683467251034819,0.03165327489651814,0.0
16 MiB,healthy,4,20,0.9688336985634283,0.031166301436571706,0.0
16 MiB,healthy,4,21,0.9690771852934015,0.03092281470659849,0.0
16 MiB,healthy,4,22,0.9683467251034819,0.03165327489651814,0.0
16 MiB,healthy,4,23,0.9690771852934015,0.03092281470659849,0.0
16 MiB,healthy,4,24,0.9690771852934015,0.03092281470659849,0.0
16 MiB,healthy,4,25,0.9695641587533479,0.030435841246652058,0.0
16 MiB,healthy,4,26,0.9685902118334551,0.031409788166544925,0.0
16 MiB,healthy,4,27,0.9683467251034819,0.03165327489651814,0.0
16 MiB,healthy,4,28,0.9695641587533479,0.030435841246652058,0.0
16 MiB,healthy,4,29,0.9695641587533479,0.030435841246652058,0.0
16 MiB,healthy,4,30,0.9690771852934015,0.03092281470659849,0.0
16 MiB,healthy,4,31,0.9688336985634283,0.031166301436571706,0.0
16 MiB,healthy,8,0,0.9683467251034819,0.03165327489651814,0.0
16 MiB,healthy,8,1,0.9683467251034819,0.03165327489651814,0.0
16 MiB,healthy,8,2,0.9681032383735086,0.031896761626491354,0.0
16 MiB,healthy,8,3,0.9681032383735086,0.031896761626491354,0.0
16 MiB,healthy,8,4,0.9671292914536158,0.03287070854638422,0.0
16 MiB,healthy,8,5,0.9676162649135622,0.03238373508643779,0.0
16 MiB,healthy,8,6,0.9683467251034819,0.03165327489651814,0.0
16 MiB,healthy,8,7,0.967372778183589,0.032627221816411006,0.0
16 MiB,healthy,8,8,0.9683467251034819,0.03165327489651814,0.0
16 MiB,healthy,8,9,0.9676162649135622,0.03238373508643779,0.0
16 MiB,healthy,8,10,0.9685902118334551,0.031409788166544925,0.0
16 MiB,healthy,8,11,0.9683467251034819,0.03165327489651814,0.0
16 MiB,healthy,8,12,0.9681032383735086,0.031896761626491354,0.0
16 MiB,healthy,8,13,0.9683467251034819,0.03165327489651814,0.0
16 MiB,healthy,8,14,0.9683467251034819,0.03165327489651814,0.0
16 MiB,healthy,8,15,0.9690771852934015,0.03092281470659849,0.0
16 MiB,healthy,8,16,0.9685902118334551,0.031409788166544925,0.0
16 MiB,healthy,8,17,0.9681032383735086,0.031896761626491354,0.0
16 MiB,healthy,8,18,0.9681032383735086,0.031896761626491354,0.0
16 MiB,healthy,8,19,0.9681032383735086,0.031896761626491354,0.0
16 MiB,healthy,8,20,0.9678597516435354,0.03214024835646457,0.0
16 MiB,healthy,8,21,0.9678597516435354,0.03214024835646457,0.0
16 MiB,healthy,8,22,0.9678597516435354,0.03214024835646457,0.0
16 MiB,healthy,8,23,0.9678597516435354,0.03214024835646457,0.0
16 MiB,healthy,8,24,0.9683467251034819,0.03165327489651814,0.0
16 MiB,healthy,8,25,0.9681032383735086,0.031896761626491354,0.0
16 MiB,healthy,8,26,0.9678597516435354,0.03214024835646457,0.0
16 MiB,healthy,8,27,0.9663988312636961,0.03360116873630387,0.0
16 MiB,healthy,8,28,0.967372778183589,0.032627221816411006,0.0
16 MiB,healthy,8,29,0.9688336985634283,0.031166301436571706,0.0
16 MiB,healthy,8,30,0.9683467251034819,0.03165327489651814,0.0
16 MiB,healthy,8,31,0.9685902118334551,0.031409788166544925,0.0
16 MiB,healthy,16,0,0.9683467251034819,0.03165327489651814,0.0
16 MiB,healthy,16,1,0.9683467251034819,0.03165327489651814,0.0
16 MiB,healthy,16,2,0.9681032383735086,0.031896761626491354,0.0
16 MiB,healthy,16,3,0.9681032383735086,0.031896761626491354,0.0
16 MiB,healthy,16,4,0.9671292914536158,0.03287070854638422,0.0
16 MiB,healthy,16,5,0.9676162649135622,0.03238373508643779,0.0
16 MiB,healthy,16,6,0.9683467251034819,0.03165327489651814,0.0
16 MiB,healthy,16,7,0.967372778183589,0.032627221816411006,0.0
16 MiB,healthy,16,8,0.9683467251034819,0.03165327489651814,0.0
16 MiB,healthy,16,9,0.9676162649135622,0.03238373508643779,0.0
16 MiB,healthy,16,10,0.9685902118334551,0.031409788166544925,0.0
16 MiB,healthy,16,11,0.9683467251034819,0.03165327489651814,0.0
16 MiB,healthy,16,12,0.9681032383735086,0.031896761626491354,0.0
16 MiB,healthy,16,13,0.9683467251034819,0.03165327489651814,0.0
16 MiB,healthy,16,14,0.9683467251034819,0.03165327489651814,0.0
16 MiB,healthy,16,15,0.9690771852934015,0.03092281470659849,0.0
16 MiB,healthy,16,16,0.9685902118334551,0.031409788166544925,0.0
16 MiB,healthy,16,17,0.9681032383735086,0.031896761626491354,0.0
16 MiB,healthy,16,18,0.9681032383735086,0.031896761626491354,0.0
16 MiB,healthy,16,19,0.9681032383735086,0.031896761626491354,0.0
16 MiB,healthy,16,20,0.9678597516435354,0.03214024835646457,0.0
16 MiB,healthy,16,21,0.9678597516435354,0.03214024835646457,0.0
16 MiB,healthy,16,22,0.9678597516435354,0.03214024835646457,0.0
16 MiB,healthy,16,23,0.9678597516435354,0.03214024835646457,0.0
16 MiB,healthy,16,24,0.9683467251034819,0.03165327489651814,0.0
16 MiB,healthy,16,25,0.9681032383735086,0.031896761626491354,0.0
16 MiB,healthy,16,26,0.9678597516435354,0.03214024835646457,0.0
16 MiB,healthy,16,27,0.9663988312636961,0.03360116873630387,0.0
16 MiB,healthy,16,28,0.967372778183589,0.032627221816411006,0.0
16 MiB,healthy,16,29,0.9688336985634283,0.031166301436571706,0.0
16 MiB,healthy,16,30,0.9683467251034819,0.03165327489651814,0.0
16 MiB,healthy,16,31,0.9685902118334551,0.031409788166544925,0.0
16 MiB,healthy,32,0,0.9683467251034819,0.03165327489651814,0.0
16 MiB,healthy,32,1,0.9683467251034819,0.03165327489651814,0.0
16 MiB,healthy,32,2,0.9681032383735086,0.031896761626491354,0.0
16 MiB,healthy,32,3,0.9681032383735086,0.031896761626491354,0.0
16 MiB,healthy,32,4,0.9671292914536158,0.03287070854638422,0.0
16 MiB,healthy,32,5,0.9676162649135622,0.03238373508643779,0.0
16 MiB,healthy,32,6,0.9683467251034819,0.03165327489651814,0.0
16 MiB,healthy,32,7,0.967372778183589,0.032627221816411006,0.0
16 MiB,healthy,32,8,0.9683467251034819,0.03165327489651814,0.0
16 MiB,healthy,32,9,0.9676162649135622,0.03238373508643779,0.0
16 MiB,healthy,32,10,0.9685902118334551,0.031409788166544925,0.0
16 MiB,healthy,32,11,0.9683467251034819,0.03165327489651814,0.0
16 MiB,healthy,32,12,0.9681032383735086,0.031896761626491354,0.0
16 MiB,healthy,32,13,0.9683467251034819,0.03165327489651814,0.0
16 MiB,healthy,32,14,0.9683467251034819,0.03165327489651814,0.0
16 MiB,healthy,32,15,0.9690771852934015,0.03092281470659849,0.0
16 MiB,healthy,32,16,0.9685902118334551,0.031409788166544925,0.0
16 MiB,healthy,32,17,0.9681032383735086,0.031896761626491354,0.0
16 MiB,healthy,32,18,0.9681032383735086,0.031896761626491354,0.0
16 MiB,healthy,32,19,0.9681032383735086,0.031896761626491354,0.0
16 MiB,healthy,32,20,0.9678597516435354,0.03214024835646457,0.0
16 MiB,healthy,32,21,0.9678597516435354,0.03214024835646457,0.0
16 MiB,healthy,32,22,0.9678597516435354,0.03214024835646457,0.0
16 MiB,healthy,32,23,0.9678597516435354,0.03214024835646457,0.0
16 MiB,healthy,32,24,0.9683467251034819,0.03165327489651814,0.0
16 MiB,healthy,32,25,0.9681032383735086,0.031896761626491354,0.0
16 MiB,healthy,32,26,0.9678597516435354,0.03214024835646457,0.0
16 MiB,healthy,32,27,0.9663988312636961,0.03360116873630387,0.0
16 MiB,healthy,32,28,0.967372778183589,0.032627221816411006,0.0
16 MiB,healthy,32,29,0.9688336985634283,0.031166301436571706,0.0
16 MiB,healthy,32,30,0.9683467251034819,0.03165327489651814,0.0
16 MiB,healthy,32,31,0.9685902118334551,0.031409788166544925,0.0
16 MiB,healthy,64,0,0.9683467251034819,0.03165327489651814,0.0
16 MiB,healthy,64,1,0.9683467251034819,0.03165327489651814,0.0
16 MiB,healthy,64,2,0.9681032383735086,0.031896761626491354,0.0
16 MiB,healthy,64,3,0.9681032383735086,0.031896761626491354,0.0
16 MiB,healthy,64,4,0.9671292914536158,0.03287070854638422,0.0
16 MiB,healthy,64,5,0.9676162649135622,0.03238373508643779,0.0
16 MiB,healthy,64,6,0.9683467251034819,0.03165327489651814,0.0
16 MiB,healthy,64,7,0.967372778183589,0.032627221816411006,0.0
16 MiB,healthy,64,8,0.9683467251034819,0.03165327489651814,0.0
16 MiB,healthy,64,9,0.9676162649135622,0.03238373508643779,0.0
16 MiB,healthy,64,10,0.9685902118334551,0.031409788166544925,0.0
16 MiB,healthy,64,11,0.9683467251034819,0.03165327489651814,0.0
16 MiB,healthy,64,12,0.9681032383735086,0.031896761626491354,0.0
16 MiB,healthy,64,13,0.9683467251034819,0.03165327489651814,0.0
16 MiB,healthy,64,14,0.9683467251034819,0.03165327489651814,0.0
16 MiB,healthy,64,15,0.9690771852934015,0.03092281470659849,0.0
16 MiB,healthy,64,16,0.9685902118334551,0.031409788166544925,0.0
16 MiB,healthy,64,17,0.9681032383735086,0.031896761626491354,0.0
16 MiB,healthy,64,18,0.9681032383735086,0.031896761626491354,0.0
16 MiB,healthy,64,19,0.9681032383735086,0.031896761626491354,0.0
16 MiB,healthy,64,20,0.9678597516435354,0.03214024835646457,0.0
16 MiB,healthy,64,21,0.9678597516435354,0.03214024835646457,0.0
16 MiB,healthy,64,22,0.9678597516435354,0.03214024835646457,0.0
16 MiB,healthy,64,23,0.9678597516435354,0.03214024835646457,0.0
16 MiB,healthy,64,24,0.9683467251034819,0.03165327489651814,0.0
16 MiB,healthy,64,25,0.9681032383735086,0.031896761626491354,0.0
16 MiB,healthy,64,26,0.9678597516435354,0.03214024835646457,0.0
16 MiB,healthy,64,27,0.9663988312636961,0.03360116873630387,0.0
16 MiB,healthy,64,28,0.967372778183589,0.032627221816411006,0.0
16 MiB,healthy,64,29,0.9688336985634283,0.031166301436571706,0.0
16 MiB,healthy,64,30,0.9683467251034819,0.03165327489651814,0.0
16 MiB,healthy,64,31,0.9685902118334551,0.031409788166544925,0.0
16 MiB,healthy,128,0,0.9683467251034819,0.03165327489651814,0.0
16 MiB,healthy,128,1,0.9683467251034819,0.03165327489651814,0.0
16 MiB,healthy,128,2,0.9681032383735086,0.031896761626491354,0.0
16 MiB,healthy,128,3,0.9681032383735086,0.031896761626491354,0.0
16 MiB,healthy,128,4,0.9671292914536158,0.03287070854638422,0.0
16 MiB,healthy,128,5,0.9676162649135622,0.03238373508643779,0.0
16 MiB,healthy,128,6,0.9683467251034819,0.03165327489651814,0.0
16 MiB,healthy,128,7,0.967372778183589,0.032627221816411006,0.0
16 MiB,healthy,128,8,0.9683467251034819,0.03165327489651814,0.0
16 MiB,healthy,128,9,0.9676162649135622,0.03238373508643779,0.0
16 MiB,healthy,128,10,0.9685902118334551,0.031409788166544925,0.0
16 MiB,healthy,128,11,0.9683467251034819,0.03165327489651814,0.0
16 MiB,healthy,128,12,0.9681032383735086,0.031896761626491354,0.0
16 MiB,healthy,128,13,0.9683467251034819,0.03165327489651814,0.0
16 MiB,healthy,128,14,0.9683467251034819,0.03165327489651814,0.0
16 MiB,healthy,128,15,0.9690771852934015,0.03092281470659849,0.0
16 MiB,healthy,128,16,0.9685902118334551,0.031409788166544925,0.0
16 MiB,healthy,128,17,0.9681032383735086,0.031896761626491354,0.0
16 MiB,healthy,128,18,0.9681032383735086,0.031896761626491354,0.0
16 MiB,healthy,128,19,0.9681032383735086,0.031896761626491354,0.0
16 MiB,healthy,128,20,0.9678597516435354,0.03214024835646457,0.0
16 MiB,healthy,128,21,0.9678597516435354,0.03214024835646457,0.0
16 MiB,healthy,128,22,0.9678597516435354,0.03214024835646457,0.0
16 MiB,healthy,128,23,0.9678597516435354,0.03214024835646457,0.0
16 MiB,healthy,128,24,0.9683467251034819,0.03165327489651814,0.0
16 MiB,healthy,128,25,0.9681032383735086,0.031896761626491354,0.0
16 MiB,healthy,128,26,0.9678597516435354,0.03214024835646457,0.0
16 MiB,healthy,128,27,0.9663988312636961,0.03360116873630387,0.0
16 MiB,healthy,128,28,0.967372778183589,0.032627221816411006,0.0
16 MiB,healthy,128,29,0.9688336985634283,0.031166301436571706,0.0
16 MiB,healthy,128,30,0.9683467251034819,0.03165327489651814,0.0
16 MiB,healthy,128,31,0.9685902118334551,0.031409788166544925,0.0
16 MiB,healthy,256,0,0.9683467251034819,0.03165327489651814,0.0
16 MiB,healthy,256,1,0.9683467251034819,0.03165327489651814,0.0
16 MiB,healthy,256,2,0.9681032383735086,0.031896761626491354,0.0
16 MiB,healthy,256,3,0.9681032383735086,0.031896761626491354,0.0
16 MiB,healthy,256,4,0.9671292914536158,0.03287070854638422,0.0
16 MiB,healthy,256,5,0.9676162649135622,0.03238373508643779,0.0
16 MiB,healthy,256,6,0.9683467251034819,0.03165327489651814,0.0
16 MiB,healthy,256,7,0.967372778183589,0.032627221816411006,0.0
16 MiB,healthy,256,8,0.9683467251034819,0.03165327489651814,0.0
16 MiB,healthy,256,9,0.9676162649135622,0.03238373508643779,0.0
16 MiB,healthy,256,10,0.9685902118334551,0.031409788166544925,0.0
16 MiB,healthy,256,11,0.9683467251034819,0.03165327489651814,0.0
16 MiB,healthy,256,12,0.9681032383735086,0.031896761626491354,0.0
16 MiB,healthy,256,13,0.9683467251034819,0.03165327489651814,0.0
16 MiB,healthy,256,14,0.9683467251034819,0.03165327489651814,0.0
16 MiB,healthy,256,15,0.9690771852934015,0.03092281470659849,0.0
16 MiB,healthy,256,16,0.9685902118334551,0.031409788166544925,0.0
16 MiB,healthy,256,17,0.9681032383735086,0.031896761626491354,0.0
16 MiB,healthy,256,18,0.9681032383735086,0.031896761626491354,0.0
16 MiB,healthy,256,19,0.9681032383735086,0.031896761626491354,0.0
16 MiB,healthy,256,20,0.9678597516435354,0.03214024835646457,0.0
16 MiB,healthy,256,21,0.9678597516435354,0.03214024835646457,0.0
16 MiB,healthy,256,22,0.9678597516435354,0.03214024835646457,0.0
16 MiB,healthy,256,23,0.9678597516435354,0.03214024835646457,0.0
16 MiB,healthy,256,24,0.9683467251034819,0.03165327489651814,0.0
16 MiB,healthy,256,25,0.9681032383735086,0.031896761626491354,0.0
16 MiB,healthy,256,26,0.9678597516435354,0.03214024835646457,0.0
16 MiB,healthy,256,27,0.9663988312636961,0.03360116873630387,0.0
16 MiB,healthy,256,28,0.967372778183589,0.032627221816411006,0.0
16 MiB,healthy,256,29,0.9688336985634283,0.031166301436571706,0.0
16 MiB,healthy,256,30,0.9683467251034819,0.03165327489651814,0.0
16 MiB,healthy,256,31,0.9685902118334551,0.031409788166544925,0.0
16 MiB,32 ToR0 uplinks at 50%,1,0,0.8754516983859311,0.1245483016140689,0.0
16 MiB,32 ToR0 uplinks at 50%,1,1,0.8732224632441552,0.12677753675584477,0.0
16 MiB,32 ToR0 uplinks at 50%,1,2,0.8796630565583634,0.12033694344163658,0.0
16 MiB,32 ToR0 uplinks at 50%,1,3,0.8689156626506024,0.1310843373493976,0.0
16 MiB,32 ToR0 uplinks at 50%,1,4,0.8725301204819277,0.1274698795180723,0.0
16 MiB,32 ToR0 uplinks at 50%,1,5,0.8732835461334618,0.12671645386653818,0.0
16 MiB,32 ToR0 uplinks at 50%,1,6,0.8701830443159922,0.1298169556840077,0.0
16 MiB,32 ToR0 uplinks at 50%,1,7,0.8728629906091981,0.12713700939080183,0.0
16 MiB,32 ToR0 uplinks at 50%,1,8,0.8740669395617626,0.12593306043823743,0.0
16 MiB,32 ToR0 uplinks at 50%,1,9,0.8740669395617626,0.12593306043823743,0.0
16 MiB,32 ToR0 uplinks at 50%,1,10,0.8633405639913232,0.13665943600867678,0.0
16 MiB,32 ToR0 uplinks at 50%,1,11,0.8738565238324506,0.12614347616754934,0.0
16 MiB,32 ToR0 uplinks at 50%,1,12,0.8697853870267663,0.13021461297323367,0.0
16 MiB,32 ToR0 uplinks at 50%,1,13,0.8707270101107366,0.12927298988926336,0.0
16 MiB,32 ToR0 uplinks at 50%,1,14,0.8741275571600481,0.12587244283995186,0.0
16 MiB,32 ToR0 uplinks at 50%,1,15,0.873947558335338,0.126052441664662,0.0
16 MiB,32 ToR0 uplinks at 50%,1,16,0.8718998314471467,0.12810016855285336,0.0
16 MiB,32 ToR0 uplinks at 50%,1,17,0.8753909069040173,0.12460909309598268,0.0
16 MiB,32 ToR0 uplinks at 50%,1,18,0.8738868832731649,0.12611311672683514,0.0
16 MiB,32 ToR0 uplinks at 50%,1,19,0.8710608611979793,0.12893913880202068,0.0
16 MiB,32 ToR0 uplinks at 50%,1,20,0.8780956960807886,0.12190430391921135,0.0
16 MiB,32 ToR0 uplinks at 50%,1,21,0.8754508295263285,0.12454917047367156,0.0
16 MiB,32 ToR0 uplinks at 50%,1,22,0.8753609239653513,0.1246390760346487,0.0
16 MiB,32 ToR0 uplinks at 50%,1,23,0.8740081750420774,0.12599182495792258,0.0
16 MiB,32 ToR0 uplinks at 50%,1,24,0.885021603456553,0.11497839654344695,0.0
16 MiB,32 ToR0 uplinks at 50%,1,25,0.8737070002405581,0.12629299975944192,0.0
16 MiB,32 ToR0 uplinks at 50%,1,26,0.8759317143544121,0.12406828564558788,0.0
16 MiB,32 ToR0 uplinks at 50%,1,27,0.873977873977874,0.12602212602212604,0.0
16 MiB,32 ToR0 uplinks at 50%,1,28,0.8792606817090735,0.12073931829092654,0.0
16 MiB,32 ToR0 uplinks at 50%,1,29,0.8780604896783485,0.12193951032165147,0.0
16 MiB,32 ToR0 uplinks at 50%,1,30,0.8809123649459784,0.1190876350540216,0.0
16 MiB,32 ToR0 uplinks at 50%,1,31,0.8771003360537686,0.12289966394623139,0.0
16 MiB,32 ToR0 uplinks at 50%,2,0,0.8804243008678881,0.11957569913211186,0.0
16 MiB,32 ToR0 uplinks at 50%,2,1,0.88,0.12,0.0
16 MiB,32 ToR0 uplinks at 50%,2,2,0.8839951865222624,0.11600481347773767,0.0
16 MiB,32 ToR0 uplinks at 50%,2,3,0.8822254335260116,0.11777456647398844,0.0
16 MiB,32 ToR0 uplinks at 50%,2,4,0.8820130026486876,0.11798699735131231,0.0
16 MiB,32 ToR0 uplinks at 50%,2,5,0.8817437379576107,0.1182562620423892,0.0
16 MiB,32 ToR0 uplinks at 50%,2,6,0.880057803468208,0.1199421965317919,0.0
16 MiB,32 ToR0 uplinks at 50%,2,7,0.8801155512758787,0.11988444872412132,0.0
16 MiB,32 ToR0 uplinks at 50%,2,8,0.8811070998796631,0.11889290012033694,0.0
16 MiB,32 ToR0 uplinks at 50%,2,9,0.8824945822297134,0.11750541777028654,0.0
16 MiB,32 ToR0 uplinks at 50%,2,10,0.8823387872954764,0.11766121270452358,0.0
16 MiB,32 ToR0 uplinks at 50%,2,11,0.8805970149253731,0.11940298507462686,0.0
16 MiB,32 ToR0 uplinks at 50%,2,12,0.8876863876863876,0.11231361231361231,0.0
16 MiB,32 ToR0 uplinks at 50%,2,13,0.8825511432009627,0.1174488567990373,0.0
16 MiB,32 ToR0 uplinks at 50%,2,14,0.8850685260880019,0.11493147391199808,0.0
16 MiB,32 ToR0 uplinks at 50%,2,15,0.8862980769230769,0.11370192307692308,0.0
16 MiB,32 ToR0 uplinks at 50%,2,16,0.8818859754630743,0.11811402453692567,0.0
16 MiB,32 ToR0 uplinks at 50%,2,17,0.8857898533301274,0.11421014666987256,0.0
16 MiB,32 ToR0 uplinks at 50%,2,18,0.8807118807118807,0.11928811928811929,0.0
16 MiB,32 ToR0 uplinks at 50%,2,19,0.8791235251625331,0.12087647483746689,0.0
16 MiB,32 ToR0 uplinks at 50%,2,20,0.8739759036144579,0.12602409638554216,0.0
16 MiB,32 ToR0 uplinks at 50%,2,21,0.880442626894395,0.119557373105605,0.0
16 MiB,32 ToR0 uplinks at 50%,2,22,0.8826358826358827,0.11736411736411737,0.0
16 MiB,32 ToR0 uplinks at 50%,2,23,0.8791817087845969,0.12081829121540313,0.0
16 MiB,32 ToR0 uplinks at 50%,2,24,0.8819143819143819,0.11808561808561809,0.0
16 MiB,32 ToR0 uplinks at 50%,2,25,0.8826923076923077,0.11730769230769231,0.0
16 MiB,32 ToR0 uplinks at 50%,2,26,0.8879289656827454,0.11207103431725463,0.0
16 MiB,32 ToR0 uplinks at 50%,2,27,0.8787878787878788,0.12121212121212122,0.0
16 MiB,32 ToR0 uplinks at 50%,2,28,0.8813355753062695,0.11866442469373048,0.0
16 MiB,32 ToR0 uplinks at 50%,2,29,0.8832292167227295,0.11677078327727054,0.0
16 MiB,32 ToR0 uplinks at 50%,2,30,0.8793269230769231,0.12067307692307692,0.0
16 MiB,32 ToR0 uplinks at 50%,2,31,0.8780370459465962,0.12196295405340389,0.0
16 MiB,32 ToR0 uplinks at 50%,4,0,0.885624849506381,0.11437515049361907,0.0
16 MiB,32 ToR0 uplinks at 50%,4,1,0.880665380906461,0.11933461909353905,0.0
16 MiB,32 ToR0 uplinks at 50%,4,2,0.8828915662650603,0.11710843373493976,0.0
16 MiB,32 ToR0 uplinks at 50%,4,3,0.8778018799710774,0.12219812002892264,0.0
16 MiB,32 ToR0 uplinks at 50%,4,4,0.8786127167630058,0.12138728323699421,0.0
16 MiB,32 ToR0 uplinks at 50%,4,5,0.8754826254826255,0.12451737451737452,0.0
16 MiB,32 ToR0 uplinks at 50%,4,6,0.8758737045071101,0.12412629549288985,0.0
16 MiB,32 ToR0 uplinks at 50%,4,7,0.8820414058738565,0.11795859412614347,0.0
16 MiB,32 ToR0 uplinks at 50%,4,8,0.8785834738617201,0.12141652613827993,0.0
16 MiB,32 ToR0 uplinks at 50%,4,9,0.8805394990366089,0.11946050096339114,0.0
16 MiB,32 ToR0 uplinks at 50%,4,10,0.88482808367396,0.11517191632603992,0.0
16 MiB,32 ToR0 uplinks at 50%,4,11,0.874065138721351,0.12593486127864897,0.0
16 MiB,32 ToR0 uplinks at 50%,4,12,0.8815884476534296,0.1184115523465704,0.0
16 MiB,32 ToR0 uplinks at 50%,4,13,0.8781896966779008,0.12181030332209918,0.0
16 MiB,32 ToR0 uplinks at 50%,4,14,0.8874729502284203,0.1125270497715797,0.0
16 MiB,32 ToR0 uplinks at 50%,4,15,0.8868060562364816,0.11319394376351838,0.0
16 MiB,32 ToR0 uplinks at 50%,4,16,0.8838383838383839,0.11616161616161616,0.0
16 MiB,32 ToR0 uplinks at 50%,4,17,0.8774675012036591,0.12253249879634087,0.0
16 MiB,32 ToR0 uplinks at 50%,4,18,0.8804138594802695,0.11958614051973052,0.0
16 MiB,32 ToR0 uplinks at 50%,4,19,0.8820981713185756,0.11790182868142444,0.0
16 MiB,32 ToR0 uplinks at 50%,4,20,0.8863800144126832,0.11361998558731684,0.0
16 MiB,32 ToR0 uplinks at 50%,4,21,0.8841624609468878,0.11583753905311223,0.0
16 MiB,32 ToR0 uplinks at 50%,4,22,0.8833854291897091,0.11661457081029093,0.0
16 MiB,32 ToR0 uplinks at 50%,4,23,0.8841624609468878,0.11583753905311223,0.0
16 MiB,32 ToR0 uplinks at 50%,4,24,0.8836818072578707,0.11631819274212929,0.0
16 MiB,32 ToR0 uplinks at 50%,4,25,0.8817023322914163,0.1182976677085838,0.0
16 MiB,32 ToR0 uplinks at 50%,4,26,0.8809523809523809,0.11904761904761904,0.0
16 MiB,32 ToR0 uplinks at 50%,4,27,0.8784889316650626,0.12151106833493744,0.0
16 MiB,32 ToR0 uplinks at 50%,4,28,0.883625871603751,0.1163741283962491,0.0
16 MiB,32 ToR0 uplinks at 50%,4,29,0.8832292167227295,0.11677078327727054,0.0
16 MiB,32 ToR0 uplinks at 50%,4,30,0.8897146967154159,0.11028530328458404,0.0
16 MiB,32 ToR0 uplinks at 50%,4,31,0.885741718674988,0.114258281325012,0.0
16 MiB,32 ToR0 uplinks at 50%,8,0,0.884735953701471,0.11526404629852906,0.0
16 MiB,32 ToR0 uplinks at 50%,8,1,0.8808202653799758,0.11917973462002412,0.0
16 MiB,32 ToR0 uplinks at 50%,8,2,0.8787074993971545,0.12129250060284542,0.0
16 MiB,32 ToR0 uplinks at 50%,8,3,0.8815599422243621,0.11844005777563794,0.0
16 MiB,32 ToR0 uplinks at 50%,8,4,0.8787074993971545,0.12129250060284542,0.0
16 MiB,32 ToR0 uplinks at 50%,8,5,0.8835138387484958,0.11648616125150421,0.0
16 MiB,32 ToR0 uplinks at 50%,8,6,0.8822254335260116,0.11777456647398844,0.0
16 MiB,32 ToR0 uplinks at 50%,8,7,0.8780722891566265,0.12192771084337349,0.0
16 MiB,32 ToR0 uplinks at 50%,8,8,0.8818291215403129,0.11817087845968713,0.0
16 MiB,32 ToR0 uplinks at 50%,8,9,0.8798169556840078,0.12018304431599229,0.0
16 MiB,32 ToR0 uplinks at 50%,8,10,0.8881942774705458,0.1118057225294542,0.0
16 MiB,32 ToR0 uplinks at 50%,8,11,0.882466281310212,0.11753371868978806,0.0
16 MiB,32 ToR0 uplinks at 50%,8,12,0.8775313404050145,0.12246865959498554,0.0
16 MiB,32 ToR0 uplinks at 50%,8,13,0.8850408850408851,0.11495911495911496,0.0
16 MiB,32 ToR0 uplinks at 50%,8,14,0.886964886964887,0.11303511303511303,0.0
16 MiB,32 ToR0 uplinks at 50%,8,15,0.8855218855218855,0.11447811447811448,0.0
16 MiB,32 ToR0 uplinks at 50%,8,16,0.8881942774705458,0.1118057225294542,0.0
16 MiB,32 ToR0 uplinks at 50%,8,17,0.886002886002886,0.113997113997114,0.0
16 MiB,32 ToR0 uplinks at 50%,8,18,0.8810498434866362,0.11895015651336384,0.0
16 MiB,32 ToR0 uplinks at 50%,8,19,0.8827918170878459,0.11720818291215403,0.0
16 MiB,32 ToR0 uplinks at 50%,8,20,0.8803850782190132,0.11961492178098676,0.0
16 MiB,32 ToR0 uplinks at 50%,8,21,0.8820981713185756,0.11790182868142444,0.0
16 MiB,32 ToR0 uplinks at 50%,8,22,0.8831168831168831,0.11688311688311688,0.0
16 MiB,32 ToR0 uplinks at 50%,8,23,0.8835418671799807,0.11645813282001925,0.0
16 MiB,32 ToR0 uplinks at 50%,8,24,0.887875150060024,0.11212484993997598,0.0
16 MiB,32 ToR0 uplinks at 50%,8,25,0.885151369533878,0.11484863046612205,0.0
16 MiB,32 ToR0 uplinks at 50%,8,26,0.8814048592735145,0.11859514072648544,0.0
16 MiB,32 ToR0 uplinks at 50%,8,27,0.883469485824123,0.11653051417587698,0.0
16 MiB,32 ToR0 uplinks at 50%,8,28,0.8807405626352488,0.11925943736475114,0.0
16 MiB,32 ToR0 uplinks at 50%,8,29,0.884809215262779,0.11519078473722102,0.0
16 MiB,32 ToR0 uplinks at 50%,8,30,0.8877697841726618,0.11223021582733812,0.0
16 MiB,32 ToR0 uplinks at 50%,8,31,0.8784530386740331,0.12154696132596685,0.0
16 MiB,32 ToR0 uplinks at 50%,16,0,0.884735953701471,0.11526404629852906,0.0
16 MiB,32 ToR0 uplinks at 50%,16,1,0.8808202653799758,0.11917973462002412,0.0
16 MiB,32 ToR0 uplinks at 50%,16,2,0.8787074993971545,0.12129250060284542,0.0
16 MiB,32 ToR0 uplinks at 50%,16,3,0.8815599422243621,0.11844005777563794,0.0
16 MiB,32 ToR0 uplinks at 50%,16,4,0.8787074993971545,0.12129250060284542,0.0
16 MiB,32 ToR0 uplinks at 50%,16,5,0.8835138387484958,0.11648616125150421,0.0
16 MiB,32 ToR0 uplinks at 50%,16,6,0.8822254335260116,0.11777456647398844,0.0
16 MiB,32 ToR0 uplinks at 50%,16,7,0.8780722891566265,0.12192771084337349,0.0
16 MiB,32 ToR0 uplinks at 50%,16,8,0.8818291215403129,0.11817087845968713,0.0
16 MiB,32 ToR0 uplinks at 50%,16,9,0.8798169556840078,0.12018304431599229,0.0
16 MiB,32 ToR0 uplinks at 50%,16,10,0.8881942774705458,0.1118057225294542,0.0
16 MiB,32 ToR0 uplinks at 50%,16,11,0.882466281310212,0.11753371868978806,0.0
16 MiB,32 ToR0 uplinks at 50%,16,12,0.8775313404050145,0.12246865959498554,0.0
16 MiB,32 ToR0 uplinks at 50%,16,13,0.8850408850408851,0.11495911495911496,0.0
16 MiB,32 ToR0 uplinks at 50%,16,14,0.886964886964887,0.11303511303511303,0.0
16 MiB,32 ToR0 uplinks at 50%,16,15,0.8855218855218855,0.11447811447811448,0.0
16 MiB,32 ToR0 uplinks at 50%,16,16,0.8881942774705458,0.1118057225294542,0.0
16 MiB,32 ToR0 uplinks at 50%,16,17,0.886002886002886,0.113997113997114,0.0
16 MiB,32 ToR0 uplinks at 50%,16,18,0.8810498434866362,0.11895015651336384,0.0
16 MiB,32 ToR0 uplinks at 50%,16,19,0.8827918170878459,0.11720818291215403,0.0
16 MiB,32 ToR0 uplinks at 50%,16,20,0.8803850782190132,0.11961492178098676,0.0
16 MiB,32 ToR0 uplinks at 50%,16,21,0.8820981713185756,0.11790182868142444,0.0
16 MiB,32 ToR0 uplinks at 50%,16,22,0.8831168831168831,0.11688311688311688,0.0
16 MiB,32 ToR0 uplinks at 50%,16,23,0.8835418671799807,0.11645813282001925,0.0
16 MiB,32 ToR0 uplinks at 50%,16,24,0.887875150060024,0.11212484993997598,0.0
16 MiB,32 ToR0 uplinks at 50%,16,25,0.885151369533878,0.11484863046612205,0.0
16 MiB,32 ToR0 uplinks at 50%,16,26,0.8814048592735145,0.11859514072648544,0.0
16 MiB,32 ToR0 uplinks at 50%,16,27,0.883469485824123,0.11653051417587698,0.0
16 MiB,32 ToR0 uplinks at 50%,16,28,0.8807405626352488,0.11925943736475114,0.0
16 MiB,32 ToR0 uplinks at 50%,16,29,0.884809215262779,0.11519078473722102,0.0
16 MiB,32 ToR0 uplinks at 50%,16,30,0.8877697841726618,0.11223021582733812,0.0
16 MiB,32 ToR0 uplinks at 50%,16,31,0.8784530386740331,0.12154696132596685,0.0
16 MiB,32 ToR0 uplinks at 50%,32,0,0.884735953701471,0.11526404629852906,0.0
16 MiB,32 ToR0 uplinks at 50%,32,1,0.8808202653799758,0.11917973462002412,0.0
16 MiB,32 ToR0 uplinks at 50%,32,2,0.8787074993971545,0.12129250060284542,0.0
16 MiB,32 ToR0 uplinks at 50%,32,3,0.8815599422243621,0.11844005777563794,0.0
16 MiB,32 ToR0 uplinks at 50%,32,4,0.8787074993971545,0.12129250060284542,0.0
16 MiB,32 ToR0 uplinks at 50%,32,5,0.8835138387484958,0.11648616125150421,0.0
16 MiB,32 ToR0 uplinks at 50%,32,6,0.8822254335260116,0.11777456647398844,0.0
16 MiB,32 ToR0 uplinks at 50%,32,7,0.8780722891566265,0.12192771084337349,0.0
16 MiB,32 ToR0 uplinks at 50%,32,8,0.8818291215403129,0.11817087845968713,0.0
16 MiB,32 ToR0 uplinks at 50%,32,9,0.8798169556840078,0.12018304431599229,0.0
16 MiB,32 ToR0 uplinks at 50%,32,10,0.8881942774705458,0.1118057225294542,0.0
16 MiB,32 ToR0 uplinks at 50%,32,11,0.882466281310212,0.11753371868978806,0.0
16 MiB,32 ToR0 uplinks at 50%,32,12,0.8775313404050145,0.12246865959498554,0.0
16 MiB,32 ToR0 uplinks at 50%,32,13,0.8850408850408851,0.11495911495911496,0.0
16 MiB,32 ToR0 uplinks at 50%,32,14,0.886964886964887,0.11303511303511303,0.0
16 MiB,32 ToR0 uplinks at 50%,32,15,0.8855218855218855,0.11447811447811448,0.0
16 MiB,32 ToR0 uplinks at 50%,32,16,0.8881942774705458,0.1118057225294542,0.0
16 MiB,32 ToR0 uplinks at 50%,32,17,0.886002886002886,0.113997113997114,0.0
16 MiB,32 ToR0 uplinks at 50%,32,18,0.8810498434866362,0.11895015651336384,0.0
16 MiB,32 ToR0 uplinks at 50%,32,19,0.8827918170878459,0.11720818291215403,0.0
16 MiB,32 ToR0 uplinks at 50%,32,20,0.8803850782190132,0.11961492178098676,0.0
16 MiB,32 ToR0 uplinks at 50%,32,21,0.8820981713185756,0.11790182868142444,0.0
16 MiB,32 ToR0 uplinks at 50%,32,22,0.8831168831168831,0.11688311688311688,0.0
16 MiB,32 ToR0 uplinks at 50%,32,23,0.8835418671799807,0.11645813282001925,0.0
16 MiB,32 ToR0 uplinks at 50%,32,24,0.887875150060024,0.11212484993997598,0.0
16 MiB,32 ToR0 uplinks at 50%,32,25,0.885151369533878,0.11484863046612205,0.0
16 MiB,32 ToR0 uplinks at 50%,32,26,0.8814048592735145,0.11859514072648544,0.0
16 MiB,32 ToR0 uplinks at 50%,32,27,0.883469485824123,0.11653051417587698,0.0
16 MiB,32 ToR0 uplinks at 50%,32,28,0.8807405626352488,0.11925943736475114,0.0
16 MiB,32 ToR0 uplinks at 50%,32,29,0.884809215262779,0.11519078473722102,0.0
16 MiB,32 ToR0 uplinks at 50%,32,30,0.8877697841726618,0.11223021582733812,0.0
16 MiB,32 ToR0 uplinks at 50%,32,31,0.8784530386740331,0.12154696132596685,0.0
16 MiB,32 ToR0 uplinks at 50%,64,0,0.884735953701471,0.11526404629852906,0.0
16 MiB,32 ToR0 uplinks at 50%,64,1,0.8808202653799758,0.11917973462002412,0.0
16 MiB,32 ToR0 uplinks at 50%,64,2,0.8787074993971545,0.12129250060284542,0.0
16 MiB,32 ToR0 uplinks at 50%,64,3,0.8815599422243621,0.11844005777563794,0.0
16 MiB,32 ToR0 uplinks at 50%,64,4,0.8787074993971545,0.12129250060284542,0.0
16 MiB,32 ToR0 uplinks at 50%,64,5,0.8835138387484958,0.11648616125150421,0.0
16 MiB,32 ToR0 uplinks at 50%,64,6,0.8822254335260116,0.11777456647398844,0.0
16 MiB,32 ToR0 uplinks at 50%,64,7,0.8780722891566265,0.12192771084337349,0.0
16 MiB,32 ToR0 uplinks at 50%,64,8,0.8818291215403129,0.11817087845968713,0.0
16 MiB,32 ToR0 uplinks at 50%,64,9,0.8798169556840078,0.12018304431599229,0.0
16 MiB,32 ToR0 uplinks at 50%,64,10,0.8881942774705458,0.1118057225294542,0.0
16 MiB,32 ToR0 uplinks at 50%,64,11,0.882466281310212,0.11753371868978806,0.0
16 MiB,32 ToR0 uplinks at 50%,64,12,0.8775313404050145,0.12246865959498554,0.0
16 MiB,32 ToR0 uplinks at 50%,64,13,0.8850408850408851,0.11495911495911496,0.0
16 MiB,32 ToR0 uplinks at 50%,64,14,0.886964886964887,0.11303511303511303,0.0
16 MiB,32 ToR0 uplinks at 50%,64,15,0.8855218855218855,0.11447811447811448,0.0
16 MiB,32 ToR0 uplinks at 50%,64,16,0.8881942774705458,0.1118057225294542,0.0
16 MiB,32 ToR0 uplinks at 50%,64,17,0.886002886002886,0.113997113997114,0.0
16 MiB,32 ToR0 uplinks at 50%,64,18,0.8810498434866362,0.11895015651336384,0.0
16 MiB,32 ToR0 uplinks at 50%,64,19,0.8827918170878459,0.11720818291215403,0.0
16 MiB,32 ToR0 uplinks at 50%,64,20,0.8803850782190132,0.11961492178098676,0.0
16 MiB,32 ToR0 uplinks at 50%,64,21,0.8820981713185756,0.11790182868142444,0.0
16 MiB,32 ToR0 uplinks at 50%,64,22,0.8831168831168831,0.11688311688311688,0.0
16 MiB,32 ToR0 uplinks at 50%,64,23,0.8835418671799807,0.11645813282001925,0.0
16 MiB,32 ToR0 uplinks at 50%,64,24,0.887875150060024,0.11212484993997598,0.0
16 MiB,32 ToR0 uplinks at 50%,64,25,0.885151369533878,0.11484863046612205,0.0
16 MiB,32 ToR0 uplinks at 50%,64,26,0.8814048592735145,0.11859514072648544,0.0
16 MiB,32 ToR0 uplinks at 50%,64,27,0.883469485824123,0.11653051417587698,0.0
16 MiB,32 ToR0 uplinks at 50%,64,28,0.8807405626352488,0.11925943736475114,0.0
16 MiB,32 ToR0 uplinks at 50%,64,29,0.884809215262779,0.11519078473722102,0.0
16 MiB,32 ToR0 uplinks at 50%,64,30,0.8877697841726618,0.11223021582733812,0.0
16 MiB,32 ToR0 uplinks at 50%,64,31,0.8784530386740331,0.12154696132596685,0.0
16 MiB,32 ToR0 uplinks at 50%,128,0,0.884735953701471,0.11526404629852906,0.0
16 MiB,32 ToR0 uplinks at 50%,128,1,0.8808202653799758,0.11917973462002412,0.0
16 MiB,32 ToR0 uplinks at 50%,128,2,0.8787074993971545,0.12129250060284542,0.0
16 MiB,32 ToR0 uplinks at 50%,128,3,0.8815599422243621,0.11844005777563794,0.0
16 MiB,32 ToR0 uplinks at 50%,128,4,0.8787074993971545,0.12129250060284542,0.0
16 MiB,32 ToR0 uplinks at 50%,128,5,0.8835138387484958,0.11648616125150421,0.0
16 MiB,32 ToR0 uplinks at 50%,128,6,0.8822254335260116,0.11777456647398844,0.0
16 MiB,32 ToR0 uplinks at 50%,128,7,0.8780722891566265,0.12192771084337349,0.0
16 MiB,32 ToR0 uplinks at 50%,128,8,0.8818291215403129,0.11817087845968713,0.0
16 MiB,32 ToR0 uplinks at 50%,128,9,0.8798169556840078,0.12018304431599229,0.0
16 MiB,32 ToR0 uplinks at 50%,128,10,0.8881942774705458,0.1118057225294542,0.0
16 MiB,32 ToR0 uplinks at 50%,128,11,0.882466281310212,0.11753371868978806,0.0
16 MiB,32 ToR0 uplinks at 50%,128,12,0.8775313404050145,0.12246865959498554,0.0
16 MiB,32 ToR0 uplinks at 50%,128,13,0.8850408850408851,0.11495911495911496,0.0
16 MiB,32 ToR0 uplinks at 50%,128,14,0.886964886964887,0.11303511303511303,0.0
16 MiB,32 ToR0 uplinks at 50%,128,15,0.8855218855218855,0.11447811447811448,0.0
16 MiB,32 ToR0 uplinks at 50%,128,16,0.8881942774705458,0.1118057225294542,0.0
16 MiB,32 ToR0 uplinks at 50%,128,17,0.886002886002886,0.113997113997114,0.0
16 MiB,32 ToR0 uplinks at 50%,128,18,0.8810498434866362,0.11895015651336384,0.0
16 MiB,32 ToR0 uplinks at 50%,128,19,0.8827918170878459,0.11720818291215403,0.0
16 MiB,32 ToR0 uplinks at 50%,128,20,0.8803850782190132,0.11961492178098676,0.0
16 MiB,32 ToR0 uplinks at 50%,128,21,0.8820981713185756,0.11790182868142444,0.0
16 MiB,32 ToR0 uplinks at 50%,128,22,0.8831168831168831,0.11688311688311688,0.0
16 MiB,32 ToR0 uplinks at 50%,128,23,0.8835418671799807,0.11645813282001925,0.0
16 MiB,32 ToR0 uplinks at 50%,128,24,0.887875150060024,0.11212484993997598,0.0
16 MiB,32 ToR0 uplinks at 50%,128,25,0.885151369533878,0.11484863046612205,0.0
16 MiB,32 ToR0 uplinks at 50%,128,26,0.8814048592735145,0.11859514072648544,0.0
16 MiB,32 ToR0 uplinks at 50%,128,27,0.883469485824123,0.11653051417587698,0.0
16 MiB,32 ToR0 uplinks at 50%,128,28,0.8807405626352488,0.11925943736475114,0.0
16 MiB,32 ToR0 uplinks at 50%,128,29,0.884809215262779,0.11519078473722102,0.0
16 MiB,32 ToR0 uplinks at 50%,128,30,0.8877697841726618,0.11223021582733812,0.0
16 MiB,32 ToR0 uplinks at 50%,128,31,0.8784530386740331,0.12154696132596685,0.0
16 MiB,32 ToR0 uplinks at 50%,256,0,0.884735953701471,0.11526404629852906,0.0
16 MiB,32 ToR0 uplinks at 50%,256,1,0.8808202653799758,0.11917973462002412,0.0
16 MiB,32 ToR0 uplinks at 50%,256,2,0.8787074993971545,0.12129250060284542,0.0
16 MiB,32 ToR0 uplinks at 50%,256,3,0.8815599422243621,0.11844005777563794,0.0
16 MiB,32 ToR0 uplinks at 50%,256,4,0.8787074993971545,0.12129250060284542,0.0
16 MiB,32 ToR0 uplinks at 50%,256,5,0.8835138387484958,0.11648616125150421,0.0
16 MiB,32 ToR0 uplinks at 50%,256,6,0.8822254335260116,0.11777456647398844,0.0
16 MiB,32 ToR0 uplinks at 50%,256,7,0.8780722891566265,0.12192771084337349,0.0
16 MiB,32 ToR0 uplinks at 50%,256,8,0.8818291215403129,0.11817087845968713,0.0
16 MiB,32 ToR0 uplinks at 50%,256,9,0.8798169556840078,0.12018304431599229,0.0
16 MiB,32 ToR0 uplinks at 50%,256,10,0.8881942774705458,0.1118057225294542,0.0
16 MiB,32 ToR0 uplinks at 50%,256,11,0.882466281310212,0.11753371868978806,0.0
16 MiB,32 ToR0 uplinks at 50%,256,12,0.8775313404050145,0.12246865959498554,0.0
16 MiB,32 ToR0 uplinks at 50%,256,13,0.8850408850408851,0.11495911495911496,0.0
16 MiB,32 ToR0 uplinks at 50%,256,14,0.886964886964887,0.11303511303511303,0.0
16 MiB,32 ToR0 uplinks at 50%,256,15,0.8855218855218855,0.11447811447811448,0.0
16 MiB,32 ToR0 uplinks at 50%,256,16,0.8881942774705458,0.1118057225294542,0.0
16 MiB,32 ToR0 uplinks at 50%,256,17,0.886002886002886,0.113997113997114,0.0
16 MiB,32 ToR0 uplinks at 50%,256,18,0.8810498434866362,0.11895015651336384,0.0
16 MiB,32 ToR0 uplinks at 50%,256,19,0.8827918170878459,0.11720818291215403,0.0
16 MiB,32 ToR0 uplinks at 50%,256,20,0.8803850782190132,0.11961492178098676,0.0
16 MiB,32 ToR0 uplinks at 50%,256,21,0.8820981713185756,0.11790182868142444,0.0
16 MiB,32 ToR0 uplinks at 50%,256,22,0.8831168831168831,0.11688311688311688,0.0
16 MiB,32 ToR0 uplinks at 50%,256,23,0.8835418671799807,0.11645813282001925,0.0
16 MiB,32 ToR0 uplinks at 50%,256,24,0.887875150060024,0.11212484993997598,0.0
16 MiB,32 ToR0 uplinks at 50%,256,25,0.885151369533878,0.11484863046612205,0.0
16 MiB,32 ToR0 uplinks at 50%,256,26,0.8814048592735145,0.11859514072648544,0.0
16 MiB,32 ToR0 uplinks at 50%,256,27,0.883469485824123,0.11653051417587698,0.0
16 MiB,32 ToR0 uplinks at 50%,256,28,0.8807405626352488,0.11925943736475114,0.0
16 MiB,32 ToR0 uplinks at 50%,256,29,0.884809215262779,0.11519078473722102,0.0
16 MiB,32 ToR0 uplinks at 50%,256,30,0.8877697841726618,0.11223021582733812,0.0
16 MiB,32 ToR0 uplinks at 50%,256,31,0.8784530386740331,0.12154696132596685,0.0
